Month,ProductCategory,ProductName,OrderQuantity,prev,growth_rate,trend_label
2024-02-01,Books,Comics,265,,,
2024-03-01,Books,Comics,404,265.0,0.5245283018867924,Rising
2024-04-01,Books,Comics,552,404.0,0.36633663366336633,Rising
2024-05-01,Books,Comics,492,552.0,-0.10869565217391304,Declining
2024-06-01,Books,Comics,463,492.0,-0.05894308943089431,Stable
2024-07-01,Books,Comics,490,463.0,0.058315334773218146,Stable
2024-08-01,Books,Comics,454,490.0,-0.07346938775510205,Stable
2024-09-01,Books,Comics,336,454.0,-0.2599118942731278,Declining
2024-10-01,Books,Comics,351,336.0,0.044642857142857144,Stable
2024-11-01,Books,Comics,330,351.0,-0.05982905982905983,Stable
2024-12-01,Books,Comics,413,330.0,0.2515151515151515,Rising
2025-01-01,Books,Comics,381,413.0,-0.0774818401937046,Stable
2025-02-01,Books,Comics,406,381.0,0.06561679790026247,Stable
2025-03-01,Books,Comics,659,406.0,0.6231527093596059,Rising
2025-04-01,Books,Comics,499,659.0,-0.24279210925644917,Declining
2025-05-01,Books,Comics,608,499.0,0.218436873747495,Rising
2025-06-01,Books,Comics,528,608.0,-0.13157894736842105,Declining
2025-07-01,Books,Comics,344,528.0,-0.3484848484848485,Declining
2025-08-01,Books,Comics,439,344.0,0.2761627906976744,Rising
2025-09-01,Books,Comics,333,439.0,-0.24145785876993167,Declining
2025-10-01,Books,Comics,362,333.0,0.08708708708708708,Rising
2025-11-01,Books,Comics,367,362.0,0.013812154696132596,Stable
2025-12-01,Books,Comics,459,367.0,0.2506811989100817,Rising
2026-01-01,Books,Comics,321,459.0,-0.3006535947712418,Declining
2026-02-01,Books,Comics,149,321.0,-0.5358255451713395,Declining
2024-02-01,Books,Educational,392,,,
2024-03-01,Books,Educational,437,392.0,0.11479591836734694,Rising
2024-04-01,Books,Educational,591,437.0,0.3524027459954233,Rising
2024-05-01,Books,Educational,351,591.0,-0.40609137055837563,Declining
2024-06-01,Books,Educational,452,351.0,0.28774928774928776,Rising
2024-07-01,Books,Educational,417,452.0,-0.07743362831858407,Stable
2024-08-01,Books,Educational,398,417.0,-0.045563549160671464,Stable
2024-09-01,Books,Educational,390,398.0,-0.020100502512562814,Stable
2024-10-01,Books,Educational,438,390.0,0.12307692307692308,Rising
2024-11-01,Books,Educational,292,438.0,-0.3333333333333333,Declining
2024-12-01,Books,Educational,369,292.0,0.2636986301369863,Rising
2025-01-01,Books,Educational,416,369.0,0.12737127371273713,Rising
2025-02-01,Books,Educational,466,416.0,0.1201923076923077,Rising
2025-03-01,Books,Educational,489,466.0,0.04935622317596566,Stable
2025-04-01,Books,Educational,512,489.0,0.04703476482617587,Stable
2025-05-01,Books,Educational,589,512.0,0.150390625,Rising
2025-06-01,Books,Educational,411,589.0,-0.30220713073005095,Declining
2025-07-01,Books,Educational,454,411.0,0.10462287104622871,Rising
2025-08-01,Books,Educational,415,454.0,-0.08590308370044053,Declining
2025-09-01,Books,Educational,414,415.0,-0.0024096385542168677,Stable
2025-10-01,Books,Educational,458,414.0,0.10628019323671498,Rising
2025-11-01,Books,Educational,389,458.0,-0.15065502183406113,Declining
2025-12-01,Books,Educational,428,389.0,0.10025706940874037,Rising
2026-01-01,Books,Educational,539,428.0,0.25934579439252337,Rising
2026-02-01,Books,Educational,200,539.0,-0.6289424860853432,Declining
2024-02-01,Books,Fiction,307,,,
2024-03-01,Books,Fiction,452,307.0,0.4723127035830619,Rising
2024-04-01,Books,Fiction,369,452.0,-0.1836283185840708,Declining
2024-05-01,Books,Fiction,421,369.0,0.14092140921409213,Rising
2024-06-01,Books,Fiction,624,421.0,0.4821852731591449,Rising
2024-07-01,Books,Fiction,695,624.0,0.11378205128205128,Rising
2024-08-01,Books,Fiction,562,695.0,-0.19136690647482013,Declining
2024-09-01,Books,Fiction,429,562.0,-0.23665480427046262,Declining
2024-10-01,Books,Fiction,399,429.0,-0.06993006993006994,Stable
2024-11-01,Books,Fiction,537,399.0,0.3458646616541353,Rising
2024-12-01,Books,Fiction,428,537.0,-0.20297951582867785,Declining
2025-01-01,Books,Fiction,449,428.0,0.04906542056074766,Stable
2025-02-01,Books,Fiction,317,449.0,-0.29398663697104677,Declining
2025-03-01,Books,Fiction,441,317.0,0.3911671924290221,Rising
2025-04-01,Books,Fiction,545,441.0,0.23582766439909297,Rising
2025-05-01,Books,Fiction,451,545.0,-0.1724770642201835,Declining
2025-06-01,Books,Fiction,545,451.0,0.20842572062084258,Rising
2025-07-01,Books,Fiction,333,545.0,-0.3889908256880734,Declining
2025-08-01,Books,Fiction,538,333.0,0.6156156156156156,Rising
2025-09-01,Books,Fiction,418,538.0,-0.22304832713754646,Declining
2025-10-01,Books,Fiction,400,418.0,-0.0430622009569378,Stable
2025-11-01,Books,Fiction,311,400.0,-0.2225,Declining
2025-12-01,Books,Fiction,452,311.0,0.4533762057877814,Rising
2026-01-01,Books,Fiction,498,452.0,0.10176991150442478,Rising
2026-02-01,Books,Fiction,100,498.0,-0.7991967871485943,Declining
2024-02-01,Books,Non-Fiction,215,,,
2024-03-01,Books,Non-Fiction,409,215.0,0.9023255813953488,Rising
2024-04-01,Books,Non-Fiction,498,409.0,0.2176039119804401,Rising
2024-05-01,Books,Non-Fiction,498,498.0,0.0,Stable
2024-06-01,Books,Non-Fiction,497,498.0,-0.002008032128514056,Stable
2024-07-01,Books,Non-Fiction,427,497.0,-0.14084507042253522,Declining
2024-08-01,Books,Non-Fiction,390,427.0,-0.08665105386416862,Declining
2024-09-01,Books,Non-Fiction,291,390.0,-0.25384615384615383,Declining
2024-10-01,Books,Non-Fiction,380,291.0,0.30584192439862545,Rising
2024-11-01,Books,Non-Fiction,287,380.0,-0.24473684210526317,Declining
2024-12-01,Books,Non-Fiction,429,287.0,0.49477351916376305,Rising
2025-01-01,Books,Non-Fiction,408,429.0,-0.04895104895104895,Stable
2025-02-01,Books,Non-Fiction,334,408.0,-0.18137254901960784,Declining
2025-03-01,Books,Non-Fiction,486,334.0,0.4550898203592814,Rising
2025-04-01,Books,Non-Fiction,581,486.0,0.19547325102880658,Rising
2025-05-01,Books,Non-Fiction,450,581.0,-0.22547332185886404,Declining
2025-06-01,Books,Non-Fiction,499,450.0,0.10888888888888888,Rising
2025-07-01,Books,Non-Fiction,414,499.0,-0.17034068136272545,Declining
2025-08-01,Books,Non-Fiction,537,414.0,0.2971014492753623,Rising
2025-09-01,Books,Non-Fiction,426,537.0,-0.20670391061452514,Declining
2025-10-01,Books,Non-Fiction,306,426.0,-0.28169014084507044,Declining
2025-11-01,Books,Non-Fiction,294,306.0,-0.0392156862745098,Stable
2025-12-01,Books,Non-Fiction,490,294.0,0.6666666666666666,Rising
2026-01-01,Books,Non-Fiction,612,490.0,0.24897959183673468,Rising
2026-02-01,Books,Non-Fiction,220,612.0,-0.6405228758169934,Declining
2024-02-01,Books,Self-Help,326,,,
2024-03-01,Books,Self-Help,470,326.0,0.44171779141104295,Rising
2024-04-01,Books,Self-Help,575,470.0,0.22340425531914893,Rising
2024-05-01,Books,Self-Help,463,575.0,-0.19478260869565217,Declining
2024-06-01,Books,Self-Help,679,463.0,0.46652267818574517,Rising
2024-07-01,Books,Self-Help,406,679.0,-0.4020618556701031,Declining
2024-08-01,Books,Self-Help,493,406.0,0.21428571428571427,Rising
2024-09-01,Books,Self-Help,425,493.0,-0.13793103448275862,Declining
2024-10-01,Books,Self-Help,517,425.0,0.2164705882352941,Rising
2024-11-01,Books,Self-Help,332,517.0,-0.3578336557059961,Declining
2024-12-01,Books,Self-Help,343,332.0,0.03313253012048193,Stable
2025-01-01,Books,Self-Help,463,343.0,0.3498542274052478,Rising
2025-02-01,Books,Self-Help,450,463.0,-0.028077753779697623,Stable
2025-03-01,Books,Self-Help,469,450.0,0.042222222222222223,Stable
2025-04-01,Books,Self-Help,476,469.0,0.014925373134328358,Stable
2025-05-01,Books,Self-Help,542,476.0,0.13865546218487396,Rising
2025-06-01,Books,Self-Help,512,542.0,-0.055350553505535055,Stable
2025-07-01,Books,Self-Help,444,512.0,-0.1328125,Declining
2025-08-01,Books,Self-Help,425,444.0,-0.04279279279279279,Stable
2025-09-01,Books,Self-Help,369,425.0,-0.13176470588235295,Declining
2025-10-01,Books,Self-Help,401,369.0,0.08672086720867209,Rising
2025-11-01,Books,Self-Help,390,401.0,-0.02743142144638404,Stable
2025-12-01,Books,Self-Help,411,390.0,0.05384615384615385,Stable
2026-01-01,Books,Self-Help,518,411.0,0.26034063260340634,Rising
2026-02-01,Books,Self-Help,136,518.0,-0.7374517374517374,Declining
2024-02-01,Electronics,Camera,543,,,
2024-03-01,Electronics,Camera,1072,543.0,0.9742173112338858,Rising
2024-04-01,Electronics,Camera,1037,1072.0,-0.03264925373134328,Stable
2024-05-01,Electronics,Camera,965,1037.0,-0.06943105110896818,Stable
2024-06-01,Electronics,Camera,1066,965.0,0.10466321243523316,Rising
2024-07-01,Electronics,Camera,956,1066.0,-0.10318949343339587,Declining
2024-08-01,Electronics,Camera,964,956.0,0.008368200836820083,Stable
2024-09-01,Electronics,Camera,835,964.0,-0.1338174273858921,Declining
2024-10-01,Electronics,Camera,826,835.0,-0.010778443113772455,Stable
2024-11-01,Electronics,Camera,817,826.0,-0.010895883777239709,Stable
2024-12-01,Electronics,Camera,959,817.0,0.17380660954712362,Rising
2025-01-01,Electronics,Camera,1033,959.0,0.07716371220020855,Stable
2025-02-01,Electronics,Camera,1029,1033.0,-0.003872216844143272,Stable
2025-03-01,Electronics,Camera,1129,1029.0,0.09718172983479106,Rising
2025-04-01,Electronics,Camera,1015,1129.0,-0.10097431355181577,Declining
2025-05-01,Electronics,Camera,1157,1015.0,0.1399014778325123,Rising
2025-06-01,Electronics,Camera,1190,1157.0,0.028522039757994815,Stable
2025-07-01,Electronics,Camera,1008,1190.0,-0.15294117647058825,Declining
2025-08-01,Electronics,Camera,901,1008.0,-0.10615079365079365,Declining
2025-09-01,Electronics,Camera,841,901.0,-0.06659267480577137,Stable
2025-10-01,Electronics,Camera,847,841.0,0.007134363852556481,Stable
2025-11-01,Electronics,Camera,799,847.0,-0.05667060212514758,Stable
2025-12-01,Electronics,Camera,832,799.0,0.04130162703379224,Stable
2026-01-01,Electronics,Camera,768,832.0,-0.07692307692307693,Stable
2026-02-01,Electronics,Camera,350,768.0,-0.5442708333333334,Declining
2024-02-01,Electronics,Headphones,541,,,
2024-03-01,Electronics,Headphones,968,541.0,0.789279112754159,Rising
2024-04-01,Electronics,Headphones,1349,968.0,0.39359504132231404,Rising
2024-05-01,Electronics,Headphones,1234,1349.0,-0.08524833209785027,Declining
2024-06-01,Electronics,Headphones,1161,1234.0,-0.05915721231766612,Stable
2024-07-01,Electronics,Headphones,939,1161.0,-0.19121447028423771,Declining
2024-08-01,Electronics,Headphones,976,939.0,0.039403620873269436,Stable
2024-09-01,Electronics,Headphones,704,976.0,-0.2786885245901639,Declining
2024-10-01,Electronics,Headphones,688,704.0,-0.022727272727272728,Stable
2024-11-01,Electronics,Headphones,679,688.0,-0.01308139534883721,Stable
2024-12-01,Electronics,Headphones,776,679.0,0.14285714285714285,Rising
2025-01-01,Electronics,Headphones,1011,776.0,0.30283505154639173,Rising
2025-02-01,Electronics,Headphones,785,1011.0,-0.22354104846686448,Declining
2025-03-01,Electronics,Headphones,1054,785.0,0.34267515923566877,Rising
2025-04-01,Electronics,Headphones,1223,1054.0,0.1603415559772296,Rising
2025-05-01,Electronics,Headphones,1206,1223.0,-0.013900245298446443,Stable
2025-06-01,Electronics,Headphones,1108,1206.0,-0.0812603648424544,Declining
2025-07-01,Electronics,Headphones,924,1108.0,-0.16606498194945848,Declining
2025-08-01,Electronics,Headphones,972,924.0,0.05194805194805195,Stable
2025-09-01,Electronics,Headphones,711,972.0,-0.26851851851851855,Declining
2025-10-01,Electronics,Headphones,724,711.0,0.01828410689170183,Stable
2025-11-01,Electronics,Headphones,790,724.0,0.09116022099447514,Rising
2025-12-01,Electronics,Headphones,1025,790.0,0.2974683544303797,Rising
2026-01-01,Electronics,Headphones,1029,1025.0,0.003902439024390244,Stable
2026-02-01,Electronics,Headphones,265,1029.0,-0.7424684159378037,Declining
2024-02-01,Electronics,Laptop,594,,,
2024-03-01,Electronics,Laptop,1099,594.0,0.8501683501683501,Rising
2024-04-01,Electronics,Laptop,1073,1099.0,-0.023657870791628753,Stable
2024-05-01,Electronics,Laptop,1237,1073.0,0.15284249767008387,Rising
2024-06-01,Electronics,Laptop,1216,1237.0,-0.016976556184316895,Stable
2024-07-01,Electronics,Laptop,871,1216.0,-0.2837171052631579,Declining
2024-08-01,Electronics,Laptop,784,871.0,-0.09988518943742825,Declining
2024-09-01,Electronics,Laptop,791,784.0,0.008928571428571428,Stable
2024-10-01,Electronics,Laptop,997,791.0,0.2604298356510746,Rising
2024-11-01,Electronics,Laptop,939,997.0,-0.058174523570712136,Stable
2024-12-01,Electronics,Laptop,765,939.0,-0.1853035143769968,Declining
2025-01-01,Electronics,Laptop,978,765.0,0.2784313725490196,Rising
2025-02-01,Electronics,Laptop,1084,978.0,0.1083844580777096,Rising
2025-03-01,Electronics,Laptop,942,1084.0,-0.13099630996309963,Declining
2025-04-01,Electronics,Laptop,1016,942.0,0.07855626326963906,Stable
2025-05-01,Electronics,Laptop,1221,1016.0,0.2017716535433071,Rising
2025-06-01,Electronics,Laptop,881,1221.0,-0.2784602784602785,Declining
2025-07-01,Electronics,Laptop,1110,881.0,0.2599318955732123,Rising
2025-08-01,Electronics,Laptop,795,1110.0,-0.28378378378378377,Declining
2025-09-01,Electronics,Laptop,678,795.0,-0.1471698113207547,Declining
2025-10-01,Electronics,Laptop,855,678.0,0.2610619469026549,Rising
2025-11-01,Electronics,Laptop,752,855.0,-0.12046783625730995,Declining
2025-12-01,Electronics,Laptop,936,752.0,0.24468085106382978,Rising
2026-01-01,Electronics,Laptop,928,936.0,-0.008547008547008548,Stable
2026-02-01,Electronics,Laptop,320,928.0,-0.6551724137931034,Declining
2024-02-01,Electronics,Smartphone,465,,,
2024-03-01,Electronics,Smartphone,1217,465.0,1.6172043010752688,Rising
2024-04-01,Electronics,Smartphone,1065,1217.0,-0.12489728841413311,Declining
2024-05-01,Electronics,Smartphone,971,1065.0,-0.08826291079812207,Declining
2024-06-01,Electronics,Smartphone,976,971.0,0.005149330587023687,Stable
2024-07-01,Electronics,Smartphone,1024,976.0,0.04918032786885246,Stable
2024-08-01,Electronics,Smartphone,847,1024.0,-0.1728515625,Declining
2024-09-01,Electronics,Smartphone,758,847.0,-0.1050767414403778,Declining
2024-10-01,Electronics,Smartphone,706,758.0,-0.06860158311345646,Stable
2024-11-01,Electronics,Smartphone,853,706.0,0.20821529745042494,Rising
2024-12-01,Electronics,Smartphone,1113,853.0,0.3048065650644783,Rising
2025-01-01,Electronics,Smartphone,986,1113.0,-0.11410601976639713,Declining
2025-02-01,Electronics,Smartphone,1021,986.0,0.035496957403651115,Stable
2025-03-01,Electronics,Smartphone,1132,1021.0,0.10871694417238002,Rising
2025-04-01,Electronics,Smartphone,1019,1132.0,-0.09982332155477032,Declining
2025-05-01,Electronics,Smartphone,1239,1019.0,0.21589793915603533,Rising
2025-06-01,Electronics,Smartphone,1168,1239.0,-0.057304277643260695,Stable
2025-07-01,Electronics,Smartphone,1037,1168.0,-0.11215753424657535,Declining
2025-08-01,Electronics,Smartphone,839,1037.0,-0.1909353905496625,Declining
2025-09-01,Electronics,Smartphone,677,839.0,-0.19308700834326578,Declining
2025-10-01,Electronics,Smartphone,883,677.0,0.30428360413589367,Rising
2025-11-01,Electronics,Smartphone,784,883.0,-0.11211778029445074,Declining
2025-12-01,Electronics,Smartphone,845,784.0,0.0778061224489796,Stable
2026-01-01,Electronics,Smartphone,849,845.0,0.004733727810650888,Stable
2026-02-01,Electronics,Smartphone,309,849.0,-0.6360424028268551,Declining
2024-02-01,Electronics,Smartwatch,476,,,
2024-03-01,Electronics,Smartwatch,927,476.0,0.9474789915966386,Rising
2024-04-01,Electronics,Smartwatch,890,927.0,-0.039913700107874865,Stable
2024-05-01,Electronics,Smartwatch,971,890.0,0.09101123595505618,Rising
2024-06-01,Electronics,Smartwatch,954,971.0,-0.017507723995880537,Stable
2024-07-01,Electronics,Smartwatch,961,954.0,0.007337526205450734,Stable
2024-08-01,Electronics,Smartwatch,897,961.0,-0.06659729448491156,Stable
2024-09-01,Electronics,Smartwatch,868,897.0,-0.032329988851727984,Stable
2024-10-01,Electronics,Smartwatch,931,868.0,0.07258064516129033,Stable
2024-11-01,Electronics,Smartwatch,709,931.0,-0.23845327604726102,Declining
2024-12-01,Electronics,Smartwatch,1111,709.0,0.5669957686882934,Rising
2025-01-01,Electronics,Smartwatch,1182,1111.0,0.0639063906390639,Stable
2025-02-01,Electronics,Smartwatch,770,1182.0,-0.34856175972927245,Declining
2025-03-01,Electronics,Smartwatch,1038,770.0,0.34805194805194806,Rising
2025-04-01,Electronics,Smartwatch,1012,1038.0,-0.025048169556840076,Stable
2025-05-01,Electronics,Smartwatch,897,1012.0,-0.11363636363636363,Declining
2025-06-01,Electronics,Smartwatch,939,897.0,0.046822742474916385,Stable
2025-07-01,Electronics,Smartwatch,849,939.0,-0.09584664536741214,Declining
2025-08-01,Electronics,Smartwatch,903,849.0,0.0636042402826855,Stable
2025-09-01,Electronics,Smartwatch,939,903.0,0.03986710963455149,Stable
2025-10-01,Electronics,Smartwatch,926,939.0,-0.013844515441959531,Stable
2025-11-01,Electronics,Smartwatch,770,926.0,-0.16846652267818574,Declining
2025-12-01,Electronics,Smartwatch,861,770.0,0.11818181818181818,Rising
2026-01-01,Electronics,Smartwatch,772,861.0,-0.10336817653890824,Declining
2026-02-01,Electronics,Smartwatch,412,772.0,-0.46632124352331605,Declining
2024-02-01,Electronics,Tablet,498,,,
2024-03-01,Electronics,Tablet,1104,498.0,1.216867469879518,Rising
2024-04-01,Electronics,Tablet,903,1104.0,-0.18206521739130435,Declining
2024-05-01,Electronics,Tablet,1090,903.0,0.2070874861572536,Rising
2024-06-01,Electronics,Tablet,1113,1090.0,0.02110091743119266,Stable
2024-07-01,Electronics,Tablet,975,1113.0,-0.12398921832884097,Declining
2024-08-01,Electronics,Tablet,830,975.0,-0.14871794871794872,Declining
2024-09-01,Electronics,Tablet,721,830.0,-0.13132530120481928,Declining
2024-10-01,Electronics,Tablet,818,721.0,0.13453536754507628,Rising
2024-11-01,Electronics,Tablet,877,818.0,0.07212713936430318,Stable
2024-12-01,Electronics,Tablet,873,877.0,-0.004561003420752566,Stable
2025-01-01,Electronics,Tablet,1032,873.0,0.18213058419243985,Rising
2025-02-01,Electronics,Tablet,1030,1032.0,-0.001937984496124031,Stable
2025-03-01,Electronics,Tablet,1062,1030.0,0.031067961165048542,Stable
2025-04-01,Electronics,Tablet,1114,1062.0,0.04896421845574388,Stable
2025-05-01,Electronics,Tablet,998,1114.0,-0.10412926391382406,Declining
2025-06-01,Electronics,Tablet,897,998.0,-0.10120240480961924,Declining
2025-07-01,Electronics,Tablet,893,897.0,-0.004459308807134894,Stable
2025-08-01,Electronics,Tablet,1057,893.0,0.18365061590145576,Rising
2025-09-01,Electronics,Tablet,858,1057.0,-0.18826868495742669,Declining
2025-10-01,Electronics,Tablet,665,858.0,-0.22494172494172493,Declining
2025-11-01,Electronics,Tablet,812,665.0,0.22105263157894736,Rising
2025-12-01,Electronics,Tablet,854,812.0,0.05172413793103448,Stable
2026-01-01,Electronics,Tablet,1114,854.0,0.3044496487119438,Rising
2026-02-01,Electronics,Tablet,390,1114.0,-0.6499102333931778,Declining
2024-02-01,Fashion,Dress,712,,,
2024-03-01,Fashion,Dress,1320,712.0,0.8539325842696629,Rising
2024-04-01,Fashion,Dress,1601,1320.0,0.2128787878787879,Rising
2024-05-01,Fashion,Dress,1569,1601.0,-0.019987507807620236,Stable
2024-06-01,Fashion,Dress,1253,1569.0,-0.20140216698534097,Declining
2024-07-01,Fashion,Dress,1184,1253.0,-0.05506783719074222,Stable
2024-08-01,Fashion,Dress,1119,1184.0,-0.05489864864864865,Stable
2024-09-01,Fashion,Dress,1054,1119.0,-0.0580875781948168,Stable
2024-10-01,Fashion,Dress,1185,1054.0,0.12428842504743833,Rising
2024-11-01,Fashion,Dress,1016,1185.0,-0.14261603375527426,Declining
2024-12-01,Fashion,Dress,1505,1016.0,0.4812992125984252,Rising
2025-01-01,Fashion,Dress,1238,1505.0,-0.17740863787375416,Declining
2025-02-01,Fashion,Dress,1214,1238.0,-0.01938610662358643,Stable
2025-03-01,Fashion,Dress,1392,1214.0,0.14662273476112025,Rising
2025-04-01,Fashion,Dress,1516,1392.0,0.08908045977011494,Rising
2025-05-01,Fashion,Dress,1765,1516.0,0.16424802110817943,Rising
2025-06-01,Fashion,Dress,1295,1765.0,-0.26628895184135976,Declining
2025-07-01,Fashion,Dress,1210,1295.0,-0.06563706563706563,Stable
2025-08-01,Fashion,Dress,1189,1210.0,-0.017355371900826446,Stable
2025-09-01,Fashion,Dress,1168,1189.0,-0.017661900756938603,Stable
2025-10-01,Fashion,Dress,930,1168.0,-0.20376712328767124,Declining
2025-11-01,Fashion,Dress,1094,930.0,0.17634408602150536,Rising
2025-12-01,Fashion,Dress,1221,1094.0,0.11608775137111517,Rising
2026-01-01,Fashion,Dress,1058,1221.0,-0.1334971334971335,Declining
2026-02-01,Fashion,Dress,449,1058.0,-0.5756143667296786,Declining
2024-02-01,Fashion,Jeans,642,,,
2024-03-01,Fashion,Jeans,1821,642.0,1.8364485981308412,Rising
2024-04-01,Fashion,Jeans,1370,1821.0,-0.24766611751784734,Declining
2024-05-01,Fashion,Jeans,1391,1370.0,0.015328467153284672,Stable
2024-06-01,Fashion,Jeans,1245,1391.0,-0.10496046010064701,Declining
2024-07-01,Fashion,Jeans,1246,1245.0,0.0008032128514056225,Stable
2024-08-01,Fashion,Jeans,1188,1246.0,-0.04654895666131621,Stable
2024-09-01,Fashion,Jeans,930,1188.0,-0.21717171717171718,Declining
2024-10-01,Fashion,Jeans,1253,930.0,0.3473118279569892,Rising
2024-11-01,Fashion,Jeans,932,1253.0,-0.2561851556264964,Declining
2024-12-01,Fashion,Jeans,1192,932.0,0.27896995708154504,Rising
2025-01-01,Fashion,Jeans,1295,1192.0,0.08640939597315436,Rising
2025-02-01,Fashion,Jeans,1246,1295.0,-0.03783783783783784,Stable
2025-03-01,Fashion,Jeans,1789,1246.0,0.43579454253611555,Rising
2025-04-01,Fashion,Jeans,1554,1789.0,-0.13135830072666294,Declining
2025-05-01,Fashion,Jeans,1529,1554.0,-0.016087516087516088,Stable
2025-06-01,Fashion,Jeans,1251,1529.0,-0.18181818181818182,Declining
2025-07-01,Fashion,Jeans,1371,1251.0,0.09592326139088729,Rising
2025-08-01,Fashion,Jeans,1208,1371.0,-0.11889132020423049,Declining
2025-09-01,Fashion,Jeans,1035,1208.0,-0.14321192052980133,Declining
2025-10-01,Fashion,Jeans,1217,1035.0,0.1758454106280193,Rising
2025-11-01,Fashion,Jeans,958,1217.0,-0.21281840591618734,Declining
2025-12-01,Fashion,Jeans,1335,958.0,0.3935281837160752,Rising
2026-01-01,Fashion,Jeans,1173,1335.0,-0.12134831460674157,Declining
2026-02-01,Fashion,Jeans,427,1173.0,-0.6359761295822677,Declining
2024-02-01,Fashion,Kurta,638,,,
2024-03-01,Fashion,Kurta,1504,638.0,1.3573667711598747,Rising
2024-04-01,Fashion,Kurta,1367,1504.0,-0.09109042553191489,Declining
2024-05-01,Fashion,Kurta,1400,1367.0,0.024140453547915143,Stable
2024-06-01,Fashion,Kurta,1338,1400.0,-0.04428571428571428,Stable
2024-07-01,Fashion,Kurta,1271,1338.0,-0.05007473841554559,Stable
2024-08-01,Fashion,Kurta,1159,1271.0,-0.08811959087332809,Declining
2024-09-01,Fashion,Kurta,901,1159.0,-0.22260569456427956,Declining
2024-10-01,Fashion,Kurta,1008,901.0,0.11875693673695893,Rising
2024-11-01,Fashion,Kurta,1155,1008.0,0.14583333333333334,Rising
2024-12-01,Fashion,Kurta,1282,1155.0,0.10995670995670996,Rising
2025-01-01,Fashion,Kurta,1178,1282.0,-0.0811232449297972,Declining
2025-02-01,Fashion,Kurta,1307,1178.0,0.10950764006791172,Rising
2025-03-01,Fashion,Kurta,1439,1307.0,0.1009946442234124,Rising
2025-04-01,Fashion,Kurta,1650,1439.0,0.14662960389159138,Rising
2025-05-01,Fashion,Kurta,1527,1650.0,-0.07454545454545454,Stable
2025-06-01,Fashion,Kurta,1521,1527.0,-0.003929273084479371,Stable
2025-07-01,Fashion,Kurta,1429,1521.0,-0.060486522024983565,Stable
2025-08-01,Fashion,Kurta,1299,1429.0,-0.09097270818754374,Declining
2025-09-01,Fashion,Kurta,1032,1299.0,-0.20554272517321015,Declining
2025-10-01,Fashion,Kurta,1232,1032.0,0.1937984496124031,Rising
2025-11-01,Fashion,Kurta,1075,1232.0,-0.12743506493506493,Declining
2025-12-01,Fashion,Kurta,1201,1075.0,0.1172093023255814,Rising
2026-01-01,Fashion,Kurta,1281,1201.0,0.06661115736885928,Stable
2026-02-01,Fashion,Kurta,514,1281.0,-0.5987509758001561,Declining
2024-02-01,Fashion,Saree,805,,,
2024-03-01,Fashion,Saree,1545,805.0,0.9192546583850931,Rising
2024-04-01,Fashion,Saree,1396,1545.0,-0.0964401294498382,Declining
2024-05-01,Fashion,Saree,1452,1396.0,0.04011461318051576,Stable
2024-06-01,Fashion,Saree,1247,1452.0,-0.14118457300275483,Declining
2024-07-01,Fashion,Saree,1281,1247.0,0.0272654370489174,Stable
2024-08-01,Fashion,Saree,1142,1281.0,-0.10850897736143637,Declining
2024-09-01,Fashion,Saree,1199,1142.0,0.049912434325744305,Stable
2024-10-01,Fashion,Saree,1156,1199.0,-0.03586321934945788,Stable
2024-11-01,Fashion,Saree,1120,1156.0,-0.031141868512110725,Stable
2024-12-01,Fashion,Saree,1037,1120.0,-0.07410714285714286,Stable
2025-01-01,Fashion,Saree,1450,1037.0,0.3982642237222758,Rising
2025-02-01,Fashion,Saree,1336,1450.0,-0.07862068965517241,Stable
2025-03-01,Fashion,Saree,1439,1336.0,0.07709580838323353,Stable
2025-04-01,Fashion,Saree,2112,1439.0,0.467685892981237,Rising
2025-05-01,Fashion,Saree,1361,2112.0,-0.3555871212121212,Declining
2025-06-01,Fashion,Saree,1362,1361.0,0.0007347538574577516,Stable
2025-07-01,Fashion,Saree,1360,1362.0,-0.0014684287812041115,Stable
2025-08-01,Fashion,Saree,1152,1360.0,-0.15294117647058825,Declining
2025-09-01,Fashion,Saree,1360,1152.0,0.18055555555555555,Rising
2025-10-01,Fashion,Saree,1137,1360.0,-0.16397058823529412,Declining
2025-11-01,Fashion,Saree,918,1137.0,-0.19261213720316622,Declining
2025-12-01,Fashion,Saree,1246,918.0,0.3572984749455338,Rising
2026-01-01,Fashion,Saree,1172,1246.0,-0.0593900481540931,Stable
2026-02-01,Fashion,Saree,463,1172.0,-0.6049488054607508,Declining
2024-02-01,Fashion,Shoes,916,,,
2024-03-01,Fashion,Shoes,1477,916.0,0.6124454148471615,Rising
2024-04-01,Fashion,Shoes,1383,1477.0,-0.06364251861882193,Stable
2024-05-01,Fashion,Shoes,1603,1383.0,0.15907447577729572,Rising
2024-06-01,Fashion,Shoes,1227,1603.0,-0.23456019962570182,Declining
2024-07-01,Fashion,Shoes,1150,1227.0,-0.06275468622656886,Stable
2024-08-01,Fashion,Shoes,1181,1150.0,0.026956521739130435,Stable
2024-09-01,Fashion,Shoes,1150,1181.0,-0.026248941574936496,Stable
2024-10-01,Fashion,Shoes,1048,1150.0,-0.08869565217391304,Declining
2024-11-01,Fashion,Shoes,953,1048.0,-0.09064885496183206,Declining
2024-12-01,Fashion,Shoes,1152,953.0,0.2088142707240294,Rising
2025-01-01,Fashion,Shoes,1327,1152.0,0.1519097222222222,Rising
2025-02-01,Fashion,Shoes,1303,1327.0,-0.01808590806330068,Stable
2025-03-01,Fashion,Shoes,1927,1303.0,0.47889485801995396,Rising
2025-04-01,Fashion,Shoes,1595,1927.0,-0.17228853139595227,Declining
2025-05-01,Fashion,Shoes,1532,1595.0,-0.03949843260188088,Stable
2025-06-01,Fashion,Shoes,1221,1532.0,-0.20300261096605743,Declining
2025-07-01,Fashion,Shoes,1247,1221.0,0.021294021294021293,Stable
2025-08-01,Fashion,Shoes,1182,1247.0,-0.052125100240577385,Stable
2025-09-01,Fashion,Shoes,1001,1182.0,-0.15313028764805414,Declining
2025-10-01,Fashion,Shoes,971,1001.0,-0.029970029970029972,Stable
2025-11-01,Fashion,Shoes,943,971.0,-0.028836251287332648,Stable
2025-12-01,Fashion,Shoes,1100,943.0,0.1664899257688229,Rising
2026-01-01,Fashion,Shoes,1303,1100.0,0.18454545454545454,Rising
2026-02-01,Fashion,Shoes,558,1303.0,-0.5717574827321565,Declining
2024-02-01,Fashion,T-Shirt,796,,,
2024-03-01,Fashion,T-Shirt,1276,796.0,0.6030150753768844,Rising
2024-04-01,Fashion,T-Shirt,1604,1276.0,0.25705329153605017,Rising
2024-05-01,Fashion,T-Shirt,1423,1604.0,-0.1128428927680798,Declining
2024-06-01,Fashion,T-Shirt,1134,1423.0,-0.20309205903021785,Declining
2024-07-01,Fashion,T-Shirt,1038,1134.0,-0.08465608465608465,Declining
2024-08-01,Fashion,T-Shirt,1146,1038.0,0.10404624277456648,Rising
2024-09-01,Fashion,T-Shirt,1256,1146.0,0.09598603839441536,Rising
2024-10-01,Fashion,T-Shirt,1028,1256.0,-0.18152866242038215,Declining
2024-11-01,Fashion,T-Shirt,1115,1028.0,0.08463035019455253,Rising
2024-12-01,Fashion,T-Shirt,1110,1115.0,-0.004484304932735426,Stable
2025-01-01,Fashion,T-Shirt,1540,1110.0,0.38738738738738737,Rising
2025-02-01,Fashion,T-Shirt,1309,1540.0,-0.15,Declining
2025-03-01,Fashion,T-Shirt,1212,1309.0,-0.07410236822001529,Stable
2025-04-01,Fashion,T-Shirt,1780,1212.0,0.46864686468646866,Rising
2025-05-01,Fashion,T-Shirt,1416,1780.0,-0.20449438202247192,Declining
2025-06-01,Fashion,T-Shirt,1565,1416.0,0.10522598870056497,Rising
2025-07-01,Fashion,T-Shirt,1188,1565.0,-0.24089456869009584,Declining
2025-08-01,Fashion,T-Shirt,1025,1188.0,-0.13720538720538722,Declining
2025-09-01,Fashion,T-Shirt,948,1025.0,-0.07512195121951219,Stable
2025-10-01,Fashion,T-Shirt,1104,948.0,0.16455696202531644,Rising
2025-11-01,Fashion,T-Shirt,1108,1104.0,0.0036231884057971015,Stable
2025-12-01,Fashion,T-Shirt,1183,1108.0,0.06768953068592058,Stable
2026-01-01,Fashion,T-Shirt,1247,1183.0,0.05409974640743871,Stable
2026-02-01,Fashion,T-Shirt,465,1247.0,-0.6271050521251003,Declining
2024-02-01,Furniture,Bed,323,,,
2024-03-01,Furniture,Bed,814,323.0,1.520123839009288,Rising
2024-04-01,Furniture,Bed,745,814.0,-0.08476658476658476,Declining
2024-05-01,Furniture,Bed,967,745.0,0.2979865771812081,Rising
2024-06-01,Furniture,Bed,610,967.0,-0.36918304033092036,Declining
2024-07-01,Furniture,Bed,776,610.0,0.2721311475409836,Rising
2024-08-01,Furniture,Bed,630,776.0,-0.18814432989690721,Declining
2024-09-01,Furniture,Bed,495,630.0,-0.21428571428571427,Declining
2024-10-01,Furniture,Bed,467,495.0,-0.05656565656565657,Stable
2024-11-01,Furniture,Bed,523,467.0,0.11991434689507495,Rising
2024-12-01,Furniture,Bed,504,523.0,-0.036328871892925434,Stable
2025-01-01,Furniture,Bed,578,504.0,0.14682539682539683,Rising
2025-02-01,Furniture,Bed,525,578.0,-0.09169550173010381,Declining
2025-03-01,Furniture,Bed,731,525.0,0.3923809523809524,Rising
2025-04-01,Furniture,Bed,826,731.0,0.12995896032831739,Rising
2025-05-01,Furniture,Bed,753,826.0,-0.08837772397094432,Declining
2025-06-01,Furniture,Bed,680,753.0,-0.09694555112881806,Declining
2025-07-01,Furniture,Bed,636,680.0,-0.06470588235294118,Stable
2025-08-01,Furniture,Bed,669,636.0,0.05188679245283019,Stable
2025-09-01,Furniture,Bed,599,669.0,-0.10463378176382661,Declining
2025-10-01,Furniture,Bed,573,599.0,-0.04340567612687813,Stable
2025-11-01,Furniture,Bed,604,573.0,0.05410122164048865,Stable
2025-12-01,Furniture,Bed,610,604.0,0.009933774834437087,Stable
2026-01-01,Furniture,Bed,734,610.0,0.20327868852459016,Rising
2026-02-01,Furniture,Bed,287,734.0,-0.6089918256130791,Declining
2024-02-01,Furniture,Chair,331,,,
2024-03-01,Furniture,Chair,782,331.0,1.3625377643504533,Rising
2024-04-01,Furniture,Chair,730,782.0,-0.06649616368286446,Stable
2024-05-01,Furniture,Chair,763,730.0,0.045205479452054796,Stable
2024-06-01,Furniture,Chair,688,763.0,-0.0982961992136304,Declining
2024-07-01,Furniture,Chair,682,688.0,-0.00872093023255814,Stable
2024-08-01,Furniture,Chair,536,682.0,-0.21407624633431085,Declining
2024-09-01,Furniture,Chair,699,536.0,0.3041044776119403,Rising
2024-10-01,Furniture,Chair,543,699.0,-0.22317596566523606,Declining
2024-11-01,Furniture,Chair,457,543.0,-0.15837937384898712,Declining
2024-12-01,Furniture,Chair,622,457.0,0.3610503282275711,Rising
2025-01-01,Furniture,Chair,755,622.0,0.21382636655948553,Rising
2025-02-01,Furniture,Chair,708,755.0,-0.06225165562913907,Stable
2025-03-01,Furniture,Chair,747,708.0,0.05508474576271186,Stable
2025-04-01,Furniture,Chair,652,747.0,-0.12717536813922356,Declining
2025-05-01,Furniture,Chair,772,652.0,0.18404907975460122,Rising
2025-06-01,Furniture,Chair,577,772.0,-0.25259067357512954,Declining
2025-07-01,Furniture,Chair,654,577.0,0.13344887348353554,Rising
2025-08-01,Furniture,Chair,627,654.0,-0.04128440366972477,Stable
2025-09-01,Furniture,Chair,478,627.0,-0.23763955342902712,Declining
2025-10-01,Furniture,Chair,545,478.0,0.1401673640167364,Rising
2025-11-01,Furniture,Chair,824,545.0,0.5119266055045871,Rising
2025-12-01,Furniture,Chair,618,824.0,-0.25,Declining
2026-01-01,Furniture,Chair,694,618.0,0.12297734627831715,Rising
2026-02-01,Furniture,Chair,218,694.0,-0.6858789625360231,Declining
2024-02-01,Furniture,Shelves,300,,,
2024-03-01,Furniture,Shelves,786,300.0,1.62,Rising
2024-04-01,Furniture,Shelves,811,786.0,0.031806615776081425,Stable
2024-05-01,Furniture,Shelves,636,811.0,-0.2157829839704069,Declining
2024-06-01,Furniture,Shelves,628,636.0,-0.012578616352201259,Stable
2024-07-01,Furniture,Shelves,735,628.0,0.17038216560509553,Rising
2024-08-01,Furniture,Shelves,662,735.0,-0.09931972789115646,Declining
2024-09-01,Furniture,Shelves,527,662.0,-0.2039274924471299,Declining
2024-10-01,Furniture,Shelves,696,527.0,0.3206831119544592,Rising
2024-11-01,Furniture,Shelves,535,696.0,-0.23132183908045978,Declining
2024-12-01,Furniture,Shelves,542,535.0,0.013084112149532711,Stable
2025-01-01,Furniture,Shelves,644,542.0,0.1881918819188192,Rising
2025-02-01,Furniture,Shelves,719,644.0,0.11645962732919254,Rising
2025-03-01,Furniture,Shelves,660,719.0,-0.08205841446453407,Declining
2025-04-01,Furniture,Shelves,693,660.0,0.05,Stable
2025-05-01,Furniture,Shelves,720,693.0,0.03896103896103896,Stable
2025-06-01,Furniture,Shelves,554,720.0,-0.23055555555555557,Declining
2025-07-01,Furniture,Shelves,593,554.0,0.0703971119133574,Stable
2025-08-01,Furniture,Shelves,635,593.0,0.07082630691399663,Stable
2025-09-01,Furniture,Shelves,547,635.0,-0.13858267716535433,Declining
2025-10-01,Furniture,Shelves,428,547.0,-0.21755027422303475,Declining
2025-11-01,Furniture,Shelves,395,428.0,-0.07710280373831775,Stable
2025-12-01,Furniture,Shelves,520,395.0,0.31645569620253167,Rising
2026-01-01,Furniture,Shelves,620,520.0,0.19230769230769232,Rising
2026-02-01,Furniture,Shelves,219,620.0,-0.646774193548387,Declining
2024-02-01,Furniture,Sofa,431,,,
2024-03-01,Furniture,Sofa,651,431.0,0.5104408352668214,Rising
2024-04-01,Furniture,Sofa,737,651.0,0.13210445468509985,Rising
2024-05-01,Furniture,Sofa,745,737.0,0.010854816824966078,Stable
2024-06-01,Furniture,Sofa,899,745.0,0.20671140939597316,Rising
2024-07-01,Furniture,Sofa,610,899.0,-0.32146829810901,Declining
2024-08-01,Furniture,Sofa,654,610.0,0.07213114754098361,Stable
2024-09-01,Furniture,Sofa,633,654.0,-0.03211009174311927,Stable
2024-10-01,Furniture,Sofa,600,633.0,-0.052132701421800945,Stable
2024-11-01,Furniture,Sofa,552,600.0,-0.08,Declining
2024-12-01,Furniture,Sofa,588,552.0,0.06521739130434782,Stable
2025-01-01,Furniture,Sofa,629,588.0,0.06972789115646258,Stable
2025-02-01,Furniture,Sofa,585,629.0,-0.06995230524642289,Stable
2025-03-01,Furniture,Sofa,811,585.0,0.38632478632478634,Rising
2025-04-01,Furniture,Sofa,1218,811.0,0.5018495684340321,Rising
2025-05-01,Furniture,Sofa,871,1218.0,-0.2848932676518883,Declining
2025-06-01,Furniture,Sofa,823,871.0,-0.05510907003444317,Stable
2025-07-01,Furniture,Sofa,674,823.0,-0.181044957472661,Declining
2025-08-01,Furniture,Sofa,570,674.0,-0.1543026706231454,Declining
2025-09-01,Furniture,Sofa,458,570.0,-0.19649122807017544,Declining
2025-10-01,Furniture,Sofa,461,458.0,0.006550218340611353,Stable
2025-11-01,Furniture,Sofa,464,461.0,0.006507592190889371,Stable
2025-12-01,Furniture,Sofa,721,464.0,0.5538793103448276,Rising
2026-01-01,Furniture,Sofa,522,721.0,-0.27600554785020803,Declining
2026-02-01,Furniture,Sofa,234,522.0,-0.5517241379310345,Declining
2024-02-01,Furniture,Table,351,,,
2024-03-01,Furniture,Table,714,351.0,1.0341880341880343,Rising
2024-04-01,Furniture,Table,662,714.0,-0.07282913165266107,Stable
2024-05-01,Furniture,Table,736,662.0,0.11178247734138973,Rising
2024-06-01,Furniture,Table,527,736.0,-0.28396739130434784,Declining
2024-07-01,Furniture,Table,722,527.0,0.3700189753320683,Rising
2024-08-01,Furniture,Table,534,722.0,-0.26038781163434904,Declining
2024-09-01,Furniture,Table,480,534.0,-0.10112359550561797,Declining
2024-10-01,Furniture,Table,481,480.0,0.0020833333333333333,Stable
2024-11-01,Furniture,Table,692,481.0,0.4386694386694387,Rising
2024-12-01,Furniture,Table,560,692.0,-0.1907514450867052,Declining
2025-01-01,Furniture,Table,590,560.0,0.05357142857142857,Stable
2025-02-01,Furniture,Table,699,590.0,0.1847457627118644,Rising
2025-03-01,Furniture,Table,725,699.0,0.03719599427753934,Stable
2025-04-01,Furniture,Table,785,725.0,0.08275862068965517,Rising
2025-05-01,Furniture,Table,843,785.0,0.07388535031847134,Stable
2025-06-01,Furniture,Table,790,843.0,-0.06287069988137604,Stable
2025-07-01,Furniture,Table,794,790.0,0.005063291139240506,Stable
2025-08-01,Furniture,Table,598,794.0,-0.24685138539042822,Declining
2025-09-01,Furniture,Table,522,598.0,-0.12709030100334448,Declining
2025-10-01,Furniture,Table,536,522.0,0.02681992337164751,Stable
2025-11-01,Furniture,Table,660,536.0,0.23134328358208955,Rising
2025-12-01,Furniture,Table,607,660.0,-0.0803030303030303,Declining
2026-01-01,Furniture,Table,808,607.0,0.3311367380560132,Rising
2026-02-01,Furniture,Table,296,808.0,-0.6336633663366337,Declining
2024-02-01,Furniture,Wardrobe,527,,,
2024-03-01,Furniture,Wardrobe,746,527.0,0.4155597722960152,Rising
2024-04-01,Furniture,Wardrobe,748,746.0,0.002680965147453083,Stable
2024-05-01,Furniture,Wardrobe,804,748.0,0.0748663101604278,Stable
2024-06-01,Furniture,Wardrobe,773,804.0,-0.03855721393034826,Stable
2024-07-01,Furniture,Wardrobe,782,773.0,0.01164294954721863,Stable
2024-08-01,Furniture,Wardrobe,602,782.0,-0.23017902813299232,Declining
2024-09-01,Furniture,Wardrobe,556,602.0,-0.07641196013289037,Stable
2024-10-01,Furniture,Wardrobe,662,556.0,0.1906474820143885,Rising
2024-11-01,Furniture,Wardrobe,659,662.0,-0.004531722054380665,Stable
2024-12-01,Furniture,Wardrobe,639,659.0,-0.030349013657056147,Stable
2025-01-01,Furniture,Wardrobe,662,639.0,0.03599374021909233,Stable
2025-02-01,Furniture,Wardrobe,632,662.0,-0.045317220543806644,Stable
2025-03-01,Furniture,Wardrobe,785,632.0,0.24208860759493672,Rising
2025-04-01,Furniture,Wardrobe,730,785.0,-0.07006369426751592,Stable
2025-05-01,Furniture,Wardrobe,744,730.0,0.019178082191780823,Stable
2025-06-01,Furniture,Wardrobe,833,744.0,0.1196236559139785,Rising
2025-07-01,Furniture,Wardrobe,609,833.0,-0.2689075630252101,Declining
2025-08-01,Furniture,Wardrobe,666,609.0,0.09359605911330049,Rising
2025-09-01,Furniture,Wardrobe,606,666.0,-0.09009009009009009,Declining
2025-10-01,Furniture,Wardrobe,607,606.0,0.0016501650165016502,Stable
2025-11-01,Furniture,Wardrobe,524,607.0,-0.13673805601317957,Declining
2025-12-01,Furniture,Wardrobe,506,524.0,-0.03435114503816794,Stable
2026-01-01,Furniture,Wardrobe,717,506.0,0.41699604743083,Rising
2026-02-01,Furniture,Wardrobe,270,717.0,-0.6234309623430963,Declining
2024-02-01,Grocery,Dal,313,,,
2024-03-01,Grocery,Dal,659,313.0,1.1054313099041533,Rising
2024-04-01,Grocery,Dal,765,659.0,0.16084977238239756,Rising
2024-05-01,Grocery,Dal,932,765.0,0.21830065359477124,Rising
2024-06-01,Grocery,Dal,665,932.0,-0.286480686695279,Declining
2024-07-01,Grocery,Dal,717,665.0,0.07819548872180451,Stable
2024-08-01,Grocery,Dal,619,717.0,-0.13668061366806136,Declining
2024-09-01,Grocery,Dal,963,619.0,0.555735056542811,Rising
2024-10-01,Grocery,Dal,616,963.0,-0.3603322949117342,Declining
2024-11-01,Grocery,Dal,593,616.0,-0.037337662337662336,Stable
2024-12-01,Grocery,Dal,539,593.0,-0.09106239460370995,Declining
2025-01-01,Grocery,Dal,578,539.0,0.07235621521335807,Stable
2025-02-01,Grocery,Dal,891,578.0,0.5415224913494809,Rising
2025-03-01,Grocery,Dal,760,891.0,-0.14702581369248036,Declining
2025-04-01,Grocery,Dal,769,760.0,0.011842105263157895,Stable
2025-05-01,Grocery,Dal,815,769.0,0.05981794538361508,Stable
2025-06-01,Grocery,Dal,752,815.0,-0.07730061349693251,Stable
2025-07-01,Grocery,Dal,571,752.0,-0.24069148936170212,Declining
2025-08-01,Grocery,Dal,736,571.0,0.28896672504378285,Rising
2025-09-01,Grocery,Dal,567,736.0,-0.2296195652173913,Declining
2025-10-01,Grocery,Dal,607,567.0,0.07054673721340388,Stable
2025-11-01,Grocery,Dal,480,607.0,-0.20922570016474465,Declining
2025-12-01,Grocery,Dal,667,480.0,0.38958333333333334,Rising
2026-01-01,Grocery,Dal,634,667.0,-0.049475262368815595,Stable
2026-02-01,Grocery,Dal,265,634.0,-0.582018927444795,Declining
2024-02-01,Grocery,Milk,350,,,
2024-03-01,Grocery,Milk,831,350.0,1.3742857142857143,Rising
2024-04-01,Grocery,Milk,753,831.0,-0.09386281588447654,Declining
2024-05-01,Grocery,Milk,837,753.0,0.11155378486055777,Rising
2024-06-01,Grocery,Milk,812,837.0,-0.02986857825567503,Stable
2024-07-01,Grocery,Milk,626,812.0,-0.229064039408867,Declining
2024-08-01,Grocery,Milk,678,626.0,0.08306709265175719,Rising
2024-09-01,Grocery,Milk,631,678.0,-0.06932153392330384,Stable
2024-10-01,Grocery,Milk,683,631.0,0.08240887480190175,Rising
2024-11-01,Grocery,Milk,725,683.0,0.06149341142020498,Stable
2024-12-01,Grocery,Milk,658,725.0,-0.09241379310344827,Declining
2025-01-01,Grocery,Milk,749,658.0,0.13829787234042554,Rising
2025-02-01,Grocery,Milk,532,749.0,-0.2897196261682243,Declining
2025-03-01,Grocery,Milk,799,532.0,0.5018796992481203,Rising
2025-04-01,Grocery,Milk,626,799.0,-0.2165206508135169,Declining
2025-05-01,Grocery,Milk,728,626.0,0.16293929712460065,Rising
2025-06-01,Grocery,Milk,822,728.0,0.12912087912087913,Rising
2025-07-01,Grocery,Milk,727,822.0,-0.11557177615571776,Declining
2025-08-01,Grocery,Milk,566,727.0,-0.22145804676753783,Declining
2025-09-01,Grocery,Milk,536,566.0,-0.053003533568904596,Stable
2025-10-01,Grocery,Milk,607,536.0,0.13246268656716417,Rising
2025-11-01,Grocery,Milk,552,607.0,-0.09060955518945635,Declining
2025-12-01,Grocery,Milk,705,552.0,0.27717391304347827,Rising
2026-01-01,Grocery,Milk,730,705.0,0.03546099290780142,Stable
2026-02-01,Grocery,Milk,297,730.0,-0.5931506849315068,Declining
2024-02-01,Grocery,Oil,502,,,
2024-03-01,Grocery,Oil,816,502.0,0.6254980079681275,Rising
2024-04-01,Grocery,Oil,801,816.0,-0.01838235294117647,Stable
2024-05-01,Grocery,Oil,842,801.0,0.05118601747815231,Stable
2024-06-01,Grocery,Oil,583,842.0,-0.30760095011876487,Declining
2024-07-01,Grocery,Oil,759,583.0,0.3018867924528302,Rising
2024-08-01,Grocery,Oil,728,759.0,-0.04084321475625823,Stable
2024-09-01,Grocery,Oil,525,728.0,-0.27884615384615385,Declining
2024-10-01,Grocery,Oil,562,525.0,0.07047619047619047,Stable
2024-11-01,Grocery,Oil,542,562.0,-0.03558718861209965,Stable
2024-12-01,Grocery,Oil,675,542.0,0.24538745387453875,Rising
2025-01-01,Grocery,Oil,676,675.0,0.0014814814814814814,Stable
2025-02-01,Grocery,Oil,703,676.0,0.03994082840236687,Stable
2025-03-01,Grocery,Oil,654,703.0,-0.06970128022759602,Stable
2025-04-01,Grocery,Oil,771,654.0,0.17889908256880735,Rising
2025-05-01,Grocery,Oil,611,771.0,-0.20752269779507135,Declining
2025-06-01,Grocery,Oil,977,611.0,0.5990180032733224,Rising
2025-07-01,Grocery,Oil,706,977.0,-0.2773797338792221,Declining
2025-08-01,Grocery,Oil,645,706.0,-0.08640226628895184,Declining
2025-09-01,Grocery,Oil,614,645.0,-0.04806201550387597,Stable
2025-10-01,Grocery,Oil,434,614.0,-0.2931596091205212,Declining
2025-11-01,Grocery,Oil,720,434.0,0.6589861751152074,Rising
2025-12-01,Grocery,Oil,614,720.0,-0.14722222222222223,Declining
2026-01-01,Grocery,Oil,708,614.0,0.15309446254071662,Rising
2026-02-01,Grocery,Oil,245,708.0,-0.653954802259887,Declining
2024-02-01,Grocery,Rice,313,,,
2024-03-01,Grocery,Rice,701,313.0,1.2396166134185302,Rising
2024-04-01,Grocery,Rice,778,701.0,0.10984308131241084,Rising
2024-05-01,Grocery,Rice,572,778.0,-0.2647814910025707,Declining
2024-06-01,Grocery,Rice,670,572.0,0.17132867132867133,Rising
2024-07-01,Grocery,Rice,706,670.0,0.05373134328358209,Stable
2024-08-01,Grocery,Rice,698,706.0,-0.0113314447592068,Stable
2024-09-01,Grocery,Rice,658,698.0,-0.05730659025787966,Stable
2024-10-01,Grocery,Rice,973,658.0,0.4787234042553192,Rising
2024-11-01,Grocery,Rice,574,973.0,-0.41007194244604317,Declining
2024-12-01,Grocery,Rice,667,574.0,0.16202090592334495,Rising
2025-01-01,Grocery,Rice,804,667.0,0.20539730134932535,Rising
2025-02-01,Grocery,Rice,640,804.0,-0.20398009950248755,Declining
2025-03-01,Grocery,Rice,816,640.0,0.275,Rising
2025-04-01,Grocery,Rice,766,816.0,-0.061274509803921566,Stable
2025-05-01,Grocery,Rice,865,766.0,0.12924281984334204,Rising
2025-06-01,Grocery,Rice,601,865.0,-0.30520231213872834,Declining
2025-07-01,Grocery,Rice,766,601.0,0.27454242928452577,Rising
2025-08-01,Grocery,Rice,533,766.0,-0.304177545691906,Declining
2025-09-01,Grocery,Rice,616,533.0,0.15572232645403378,Rising
2025-10-01,Grocery,Rice,442,616.0,-0.2824675324675325,Declining
2025-11-01,Grocery,Rice,594,442.0,0.3438914027149321,Rising
2025-12-01,Grocery,Rice,553,594.0,-0.06902356902356903,Stable
2026-01-01,Grocery,Rice,734,553.0,0.32730560578661844,Rising
2026-02-01,Grocery,Rice,271,734.0,-0.6307901907356949,Declining
2024-02-01,Grocery,Spices,374,,,
2024-03-01,Grocery,Spices,874,374.0,1.3368983957219251,Rising
2024-04-01,Grocery,Spices,845,874.0,-0.03318077803203661,Stable
2024-05-01,Grocery,Spices,784,845.0,-0.07218934911242604,Stable
2024-06-01,Grocery,Spices,763,784.0,-0.026785714285714284,Stable
2024-07-01,Grocery,Spices,664,763.0,-0.12975098296199214,Declining
2024-08-01,Grocery,Spices,526,664.0,-0.20783132530120482,Declining
2024-09-01,Grocery,Spices,650,526.0,0.23574144486692014,Rising
2024-10-01,Grocery,Spices,595,650.0,-0.08461538461538462,Declining
2024-11-01,Grocery,Spices,469,595.0,-0.21176470588235294,Declining
2024-12-01,Grocery,Spices,553,469.0,0.1791044776119403,Rising
2025-01-01,Grocery,Spices,636,553.0,0.15009041591320071,Rising
2025-02-01,Grocery,Spices,678,636.0,0.0660377358490566,Stable
2025-03-01,Grocery,Spices,607,678.0,-0.10471976401179942,Declining
2025-04-01,Grocery,Spices,659,607.0,0.085667215815486,Rising
2025-05-01,Grocery,Spices,726,659.0,0.10166919575113809,Rising
2025-06-01,Grocery,Spices,782,726.0,0.07713498622589532,Stable
2025-07-01,Grocery,Spices,594,782.0,-0.24040920716112532,Declining
2025-08-01,Grocery,Spices,661,594.0,0.1127946127946128,Rising
2025-09-01,Grocery,Spices,698,661.0,0.05597579425113464,Stable
2025-10-01,Grocery,Spices,582,698.0,-0.166189111747851,Declining
2025-11-01,Grocery,Spices,623,582.0,0.070446735395189,Stable
2025-12-01,Grocery,Spices,575,623.0,-0.07704654895666131,Stable
2026-01-01,Grocery,Spices,676,575.0,0.17565217391304347,Rising
2026-02-01,Grocery,Spices,170,676.0,-0.7485207100591716,Declining
2024-02-01,Grocery,Vegetables,356,,,
2024-03-01,Grocery,Vegetables,723,356.0,1.0308988764044944,Rising
2024-04-01,Grocery,Vegetables,733,723.0,0.013831258644536652,Stable
2024-05-01,Grocery,Vegetables,744,733.0,0.015006821282401092,Stable
2024-06-01,Grocery,Vegetables,720,744.0,-0.03225806451612903,Stable
2024-07-01,Grocery,Vegetables,755,720.0,0.04861111111111111,Stable
2024-08-01,Grocery,Vegetables,586,755.0,-0.223841059602649,Declining
2024-09-01,Grocery,Vegetables,553,586.0,-0.05631399317406143,Stable
2024-10-01,Grocery,Vegetables,577,553.0,0.0433996383363472,Stable
2024-11-01,Grocery,Vegetables,603,577.0,0.045060658578856154,Stable
2024-12-01,Grocery,Vegetables,523,603.0,-0.13266998341625208,Declining
2025-01-01,Grocery,Vegetables,678,523.0,0.29636711281070743,Rising
2025-02-01,Grocery,Vegetables,713,678.0,0.051622418879056046,Stable
2025-03-01,Grocery,Vegetables,780,713.0,0.09396914446002805,Rising
2025-04-01,Grocery,Vegetables,939,780.0,0.20384615384615384,Rising
2025-05-01,Grocery,Vegetables,841,939.0,-0.10436634717784878,Declining
2025-06-01,Grocery,Vegetables,715,841.0,-0.14982164090368608,Declining
2025-07-01,Grocery,Vegetables,882,715.0,0.23356643356643356,Rising
2025-08-01,Grocery,Vegetables,694,882.0,-0.21315192743764172,Declining
2025-09-01,Grocery,Vegetables,564,694.0,-0.1873198847262248,Declining
2025-10-01,Grocery,Vegetables,572,564.0,0.014184397163120567,Stable
2025-11-01,Grocery,Vegetables,564,572.0,-0.013986013986013986,Stable
2025-12-01,Grocery,Vegetables,589,564.0,0.044326241134751775,Stable
2026-01-01,Grocery,Vegetables,826,589.0,0.40237691001697795,Rising
2026-02-01,Grocery,Vegetables,242,826.0,-0.7070217917675545,Declining
